{"Presets":[{"Name":"Notes...","FirstFileParameter":{"Parameters":"\r\n","FilePath":""},"SecondFileParameter":{"Parameters":"\r\n","FilePath":""},"OutputFileParameter":{"Parameters":"> [221 fps] H264: 1440p yuv420p.\r\n>  [99 fps] HEVC: 1440p yuv420p.\r\n>  [97 fps] HEVC: 1440p yuv444p. -- minimizes chroma subsampling a bit, better chat clarity.\r\n>  [43 fps] HEVC: 2160p yuv444p.\r\n> [115 fps]  CPU: 1440p H264.\r\n>  [46 fps]  CPU: 1440p HEVC.\r\nRecommended option: HEVC: 1440p yuv444p.\r\n\r\n\r\nRecommended TwitchDownloader chat renderer arguments (for nv12):\r\n-c:v hevc_nvenc -pix_fmt nv12 -preset lossless -tune lossless -tier high \"{save_path}\"\r\n\r\nRecommended TwitchDownloader chat renderer arguments (for yuv444p):\r\n-c:v hevc_nvenc -pix_fmt yuv444p -preset lossless -tune lossless -tier high \"{save_path}\"\r\n\r\nChat renderer settings: https://imgur.com/a/BW21Nln\r\nFull instructions: https://pastebin.com/jMA2GqbS","FilePath":""},"IsClosingOnFinish":false},{"Name":"H.264: 1440p","FirstFileParameter":{"Parameters":"-y ","FilePath":""},"SecondFileParameter":{"Parameters":"\r\n","FilePath":""},"OutputFileParameter":{"Parameters":"-c:a copy -map 0:a -c:v h264_nvenc -tune hq \r\n-b:v 26M -minrate 24M -fps_mode cfr -r 60\r\n-temporal-aq 1 -i_qfactor 0.75 -b_qfactor 1.1 -refs:v 16 -rc-lookahead 32 \r\n-bf 3 -b_ref_mode middle -filter_complex \"\r\n[0:v]scale=2106:-1:flags=bicubic, setsar=1/1, \r\npad=w=2560:h=1440:x=0:y=-1[base]; \r\n[base][1]overlay=x=main_w-overlay_w:y=main_h-overlay_h\"","FilePath":""},"IsClosingOnFinish":false},{"Name":"HEVC: 1440p","FirstFileParameter":{"Parameters":"-y ","FilePath":""},"SecondFileParameter":{"Parameters":"\r\n","FilePath":""},"OutputFileParameter":{"Parameters":"-c:a copy -map 0:a -c:v hevc_nvenc -preset p7 -tune hq -tier high \r\n-b:v 26M -minrate 24M -fps_mode cfr -r 60 \r\n-temporal-aq 1 -i_qfactor 0.75 -b_qfactor 1.1 -refs:v 16 -rc-lookahead 32 \r\n-bf 3 -b_ref_mode middle -filter_complex \"\r\n[0:v]scale=2106:-1:flags=bicubic, setsar=1/1, \r\npad=w=2560:h=1440:x=0:y=-1[base]; \r\n[base][1]overlay=x=main_w-overlay_w:y=main_h-overlay_h\"","FilePath":""},"IsClosingOnFinish":false},{"Name":"HEVC: 1440p, yuv444p","FirstFileParameter":{"Parameters":"-y","FilePath":""},"SecondFileParameter":{"Parameters":"\r\n","FilePath":""},"OutputFileParameter":{"Parameters":"-c:a copy -map 0:a -c:v hevc_nvenc -preset p7 -tune hq -tier high \r\n-b:v 26M -minrate 24M -fps_mode cfr -r 60 \r\n-temporal-aq 1 -i_qfactor 0.75 -b_qfactor 1.1 -refs:v 16 -rc-lookahead 32 \r\n-bf 3 -b_ref_mode middle -filter_complex \"\r\n[0:v]scale=2106:-1:flags=bicubic, setsar=1/1, \r\npad=w=2560:h=1440:x=0:y=-1, format=yuv444p[base]; \r\n[base][1]overlay=x=main_w-overlay_w:y=main_h-overlay_h:format=yuv444\"","FilePath":""},"IsClosingOnFinish":false},{"Name":"HEVC: 2160p, yuv444p","FirstFileParameter":{"Parameters":"-y","FilePath":""},"SecondFileParameter":{"Parameters":"\r\n","FilePath":""},"OutputFileParameter":{"Parameters":"-c:a copy -map 0:a -c:v hevc_nvenc -preset p7 -tune hq -tier high \r\n-b:v 26M -minrate 24M -fps_mode cfr -r 60 \r\n-temporal-aq 1 -i_qfactor 0.75 -b_qfactor 1.1 -refs:v 16 -rc-lookahead 32 \r\n-bf 3 -b_ref_mode middle -filter_complex \"\r\n[0:v]scale=3160:-1:flags=bicubic, setsar=1/1, \r\npad=w=3840:h=2160:x=0:y=-1, format=yuv444p[base]; \r\n[base][1]overlay=x=main_w-overlay_w:y=main_h-overlay_h:format=yuv444\"","FilePath":""},"IsClosingOnFinish":false},{"Name":"CPU: 1440p H.264","FirstFileParameter":{"Parameters":"-y","FilePath":""},"SecondFileParameter":{"Parameters":"\r\n","FilePath":""},"OutputFileParameter":{"Parameters":"-c:a copy -map 0:a -c:v libx264 \r\n-crf 17 -r 60 -fps_mode cfr \r\n-filter_complex \"\r\n[0:v]scale=2106:-1:flags=bicubic, setsar=1/1, \r\npad=w=2560:h=1440:x=0:y=-1[base];\r\n[base][1]overlay=x=main_w-overlay_w:y=-1\"","FilePath":""},"IsClosingOnFinish":false},{"Name":"CPU: 1440p HEVC","FirstFileParameter":{"Parameters":"-y","FilePath":""},"SecondFileParameter":{"Parameters":"\r\n","FilePath":""},"OutputFileParameter":{"Parameters":"-c:a copy -map 0:a -c:v libx265 \r\n-crf 17 -r 60 -fps_mode cfr \r\n-filter_complex \"\r\n[0:v]scale=2106:-1:flags=bicubic, setsar=1/1, \r\npad=w=2560:h=1440:x=0:y=-1[base];\r\n[base][1]overlay=x=main_w-overlay_w:y=-1\"","FilePath":""},"IsClosingOnFinish":false}],"IsCopyingFileName":false,"IsClosingOnFinish":true,"IsOverridingExistingPreset":true,"LastSelectedPresetIndex":2,"DefaultPath":null}